subject_id,task,score
104,swedex,6.75
103,swedex,1.0
102,swedex,7.0
101,swedex,7.75
104,sct,0.96165
103,sct,0.32006
102,sct,0.37758
101,sct,0.93068
104,oxford,0.72549
103,oxford,0.33333
102,oxford,0.66667
101,oxford,0.84314
101,ajt_vio,234
101,ajt_can,239
102,ajt_vio,54
102,ajt_can,188
103,ajt_vio,86
103,ajt_can,143
104,ajt_vio,227
104,ajt_can,235
